{
  "com.liferay.client.extension.type.configuration.CETConfiguration~advanced-cx" : {
    ":configurator:policy" : "force",
    "baseURL" : "${portalURL}/o/advanced-cx-demo",
    "buildTimestamp" : 1744165261228,
    "description" : "",
    "dxp.lxc.liferay.com.virtualInstanceId" : "default",
    "name" : "Advanced CX Examples",
    "projectId" : "advancedcxdemo",
    "projectName" : "advanced-cx-demo",
    "properties" : [ ],
    "sourceCodeURL" : "",
    "type" : "jsImportMapsEntry",
    "typeSettings" : [ "bareSpecifier=advanced-cx", "url=assets/index.js" ],
    "webContextPath" : "/advanced-cx-demo"
  },
  "com.liferay.client.extension.type.configuration.CETConfiguration~child-example" : {
    ":configurator:policy" : "force",
    "baseURL" : "${portalURL}/o/advanced-cx-demo",
    "buildTimestamp" : 1744165261235,
    "description" : "",
    "dxp.lxc.liferay.com.virtualInstanceId" : "default",
    "name" : "Child Example",
    "projectId" : "advancedcxdemo",
    "projectName" : "advanced-cx-demo",
    "properties" : [ ],
    "sourceCodeURL" : "",
    "type" : "customElement",
    "typeSettings" : [ "friendlyURLMapping=child-example", "instanceable=false", "urls=assets/index.js", "useESM=true", "htmlElementName=child-example", "cssURLs=assets/style.css", "portletCategoryName=category.client-extensions" ],
    "webContextPath" : "/advanced-cx-demo"
  },
  "com.liferay.client.extension.type.configuration.CETConfiguration~props-example" : {
    ":configurator:policy" : "force",
    "baseURL" : "${portalURL}/o/advanced-cx-demo",
    "buildTimestamp" : 1744165261235,
    "description" : "",
    "dxp.lxc.liferay.com.virtualInstanceId" : "default",
    "name" : "Props Example",
    "projectId" : "advancedcxdemo",
    "projectName" : "advanced-cx-demo",
    "properties" : [ ],
    "sourceCodeURL" : "",
    "type" : "customElement",
    "typeSettings" : [ "friendlyURLMapping=props-example", "instanceable=false", "urls=assets/index.js", "useESM=true", "htmlElementName=props-example", "cssURLs=assets/style.css", "portletCategoryName=category.client-extensions" ],
    "webContextPath" : "/advanced-cx-demo"
  }
}